{
  "project_info": {
    "project_number": "1089596088333",
    "firebase_url": "https://premium-b69d8.firebaseio.com",
    "project_id": "premium-b69d8",
    "storage_bucket": "premium-b69d8.appspot.com"
  },
  "client": [
    {
      "client_info": {
        "mobilesdk_app_id": "1:1089596088333:android:0e1e3a02bd78c72d",
        "android_client_info": {
          "package_name": "com.example.premium"
        }
      },
      "oauth_client": [
        {
          "client_id": "1089596088333-c47km2nf2ffaaivt50kkv73k6hupk43n.apps.googleusercontent.com",
          "client_type": 3
        }
      ],
      "api_key": [
        {
          "current_key": "AIzaSyDFJ070wlNsgvoTcyl7DWW354GGhIWyDUY"
        }
      ],
      "services": {
        "appinvite_service": {
          "other_platform_oauth_client": [
            {
              "client_id": "1089596088333-c47km2nf2ffaaivt50kkv73k6hupk43n.apps.googleusercontent.com",
              "client_type": 3
            }
          ]
        }
      }
    }
  ],
  "configuration_version": "1"
}